"from","to","weight"
"alligator","alligator",1
"alligator","cat",0.132780082987552
"alligator","crocodile",0.341463414634146
"alligator","frog",0.160493827160494
"alligator","horse",0.104838709677419
"alpaca","alpaca",1
"alpaca","bird",0.0357142857142857
"alpaca","camel",0.105263157894737
"alpaca","chinchilla",0.0769230769230769
"alpaca","hedgehog",0.0769230769230769
"alpaca","llama",0.368421052631579
"alpaca","octopus",0.0833333333333333
"ant","ant",1
"ant","cat",0.116182572614108
"ant","fish",0.113475177304965
"ant","horse",0.127118644067797
"anteater","anteater",1
"anteater","antelope",0.222222222222222
"anteater","armadillo",0.115384615384615
"anteater","bull",0.04
"anteater","catfish",0.0526315789473684
"anteater","chimpanzee",0.103448275862069
"anteater","eel",0.0952380952380952
"anteater","grasshopper",0.130434782608696
"anteater","possum",0.103448275862069
"antelope","antelope",1
"antelope","badger",0.0588235294117647
"antelope","bull",0.15
"antelope","catfish",0.0625
"antelope","eel",0.111111111111111
"antelope","grasshopper",0.0952380952380952
"antelope","possum",0.0740740740740741
"ape","ape",1
"ape","chimp",0.206896551724138
"ape","dog",0.0946502057613169
"ape","gazelle",0.166666666666667
"ape","gorilla",0.163265306122449
"ape","grizzly",0.0416666666666667
"ape","human",0.148148148148148
"ape","monkey",0.116666666666667
"ape","os",0.115384615384615
"ape","toad",0.0769230769230769
"armadillo","armadillo",1
"armadillo","chimpanzee",0.0869565217391304
"armadillo","grasshopper",0.117647058823529
"armadillo","iguana",0.05
"baboon","baboon",1
"baboon","cricket",0.111111111111111
"baboon","gazelle",0.0909090909090909
"baboon","human",0.0714285714285714
"baboon","mountain",0.111111111111111
"baboon","worm",0.0833333333333333
"badger","badger",1
"badger","catfish",0.25
"badger","eel",0.142857142857143
"bat","bat",1
"bat","ostrich",0.16
"bat","seal",0.1
"bat","whale",0.0746268656716418
"bear","bear",1
"bear","cat",0.511904761904762
"bear","cheetah",0.148387096774194
"bear","dog",0.523809523809524
"bear","elephant",0.366336633663366
"bear","jaguar",0.0758620689655172
"bear","kangaroo",0.0921052631578947
"bear","koala",0.158620689655172
"bear","leopard",0.0810810810810811
"bear","lion",0.516908212560386
"bear","monkey",0.377049180327869
"bear","panda",0.19047619047619
"bear","penguin",0.171052631578947
"bear","polar",0.120567375886525
"bear","sloth",0.0769230769230769
"bear","tiger",0.550561797752809
"beaver","beaver",1
"beaver","cat",0.024896265560166
"beaver","octopus",0.25
"beaver","squid",0.181818181818182
"beaver","squirrel",0.06
"bee","bee",1
"bee","crow",0.133333333333333
"bee","grasshopper",0.125
"bee","hornet",0.2
"bee","raccoon",0.0571428571428571
"beetle","beetle",1
"beetle","bunny",0.0588235294117647
"beetle","kitten",0.25
"bird","bird",1
"bird","camel",0.0563380281690141
"bird","cat",0.520161290322581
"bird","dog",0.532258064516129
"bird","fish",0.365979381443299
"bird","hamster",0.226666666666667
"bird","lion",0.409090909090909
"bird","llama",0.0763888888888889
"bird","octopus",0.0839160839160839
"bird","shark",0.202453987730061
"bird","squirrel",0.180645161290323
"bird","turtle",0.2
"boar","boar",1
"boar","clam",0.142857142857143
"boar","lobster",0.111111111111111
"boar","oyster",0.142857142857143
"bobcat","bobcat",1
"bobcat","cheetah",0.0263157894736842
"bobcat","cougar",0.0769230769230769
"bobcat","panther",0.153846153846154
"buffalo","buffalo",1
"buffalo","dive",0.0769230769230769
"buffalo","raven",0.0769230769230769
"buffalo","salamander",0.133333333333333
"bug","bug",1
"bug","jellyfish",0.125
"bug","opossum",0.25
"bug","pelican",0.142857142857143
"bull","bull",1
"bull","eel",0.0833333333333333
"bull","possum",0.0476190476190476
"bunny","bunny",1
"bunny","crab",0.16
"bunny","flamingo",0.192307692307692
"bunny","jellyfish",0.0476190476190476
"bunny","kitten",0.0555555555555556
"bunny","seal",0.103448275862069
"bunny","shrimp",0.130434782608696
"bunny","whale",0.0597014925373134
"butterfly","butterfly",1
"butterfly","dog",0.0576131687242798
"butterfly","horse",0.0825688073394495
"butterfly","spider",0.15
"camel","camel",1
"camel","hedgehog",0.117647058823529
"camel","llama",0.107142857142857
"cardinal","cardinal",1
"cardinal","eagle",0.0666666666666667
"cardinal","groundhog",0.25
"cardinal","hawk",0.1
"cardinal","owl",0.0769230769230769
"cardinal","vulture",0.25
"cardinal","wildebeest",0.25
"cat","cat",1
"cat","cheetah",0.139917695473251
"cat","cow",0.365853658536585
"cat","crocodile",0.0916666666666667
"cat","deer",0.239837398373984
"cat","dog",0.94758064516129
"cat","elephant",0.506024096385542
"cat","fish",0.508196721311475
"cat","frog",0.238683127572016
"cat","giraffe",0.479838709677419
"cat","horse",0.415637860082305
"cat","lemur",0.0413223140495868
"cat","lion",0.638888888888889
"cat","mouse",0.368852459016393
"cat","octopus",0.0705394190871369
"cat","rabbit",0.193415637860082
"cat","raccoon",0.103305785123967
"cat","shark",0.225409836065574
"cat","snake",0.437246963562753
"cat","squirrel",0.181818181818182
"cat","tiger",0.506024096385542
"cat","whale",0.21900826446281
"cat","zebra",0.305220883534137
"catfish","catfish",1
"catfish","eel",0.166666666666667
"cheetah","cheetah",1
"cheetah","cougar",0.0652173913043478
"cheetah","hen",0.0769230769230769
"cheetah","jaguar",0.106382978723404
"cheetah","leopard",0.142857142857143
"cheetah","panther",0.111111111111111
"cheetah","tiger",0.131578947368421
"chicken","chicken",1
"chicken","cow",0.37962962962963
"chicken","goat",0.2
"chicken","horse",0.236220472440945
"chicken","pig",0.271929824561404
"chimp","chimp",1
"chimp","gazelle",0.0625
"chimp","gorilla",0.15
"chimp","human",0.111111111111111
"chimp","monkey",0.0603448275862069
"chimp","mountain",0.0714285714285714
"chimp","red",0.0625
"chimp","rhinoceros",0.0714285714285714
"chimp","roach",0.0555555555555556
"chimp","seagull",0.05
"chimp","toad",0.0625
"chimpanzee","chimpanzee",1
"chimpanzee","coyote",0.1
"chimpanzee","crow",0.105263157894737
"chimpanzee","grasshopper",0.157894736842105
"chimpanzee","iguana",0.142857142857143
"chimpanzee","lion",0.0685714285714286
"chimpanzee","possum",0.217391304347826
"chimpanzee","raccoon",0.108108108108108
"chimpanzee","sea",0.0588235294117647
"chinchilla","chinchilla",1
"chinchilla","llama",0.0909090909090909
"chinchilla","octopus",0.0434782608695652
"chipmunk","chipmunk",1
"chipmunk","lemur",0.0714285714285714
"chipmunk","raccoon",0.0344827586206897
"chipmunk","squirrel",0.0425531914893617
"clam","clam",1
"clam","fly",0.125
"clam","jellyfish",0.142857142857143
"clam","lobster",0.2
"clam","oyster",0.333333333333333
"clam","platypus",0.1
"clam","ram",0.25
"clam","shrimp",0.0909090909090909
"clownfish","clownfish",1
"clownfish","fly",0.111111111111111
"clownfish","liger",0.142857142857143
"clownfish","peacock",0.166666666666667
"cougar","cougar",1
"cougar","jaguar",0.173913043478261
"cougar","panther",0.25
"cow","cow",1
"cow","dog",0.383673469387755
"cow","duck",0.156521739130435
"cow","frog",0.2265625
"cow","goat",0.271929824561404
"cow","goose",0.0934579439252336
"cow","hare",0.0412371134020619
"cow","horse",0.428571428571429
"cow","moose",0.185185185185185
"cow","pig",0.480314960629921
"cow","sheep",0.222222222222222
"coyote","coyote",1
"coyote","crow",0.0714285714285714
"coyote","raccoon",0.09375
"crab","crab",1
"crab","jellyfish",0.266666666666667
"crab","oyster",0.0714285714285714
"crab","shrimp",0.210526315789474
"crab","stingray",0.0588235294117647
"crab","whale",0.0461538461538462
"cricket","cricket",1
"cricket","worm",0.125
"crocodile","crocodile",1
"crocodile","frog",0.136986301369863
"crow","crow",1
"crow","grasshopper",0.153846153846154
"crow","hornet",0.125
"crow","raccoon",0.0303030303030303
"crow","sea",0.1
"deer","deer",1
"deer","dog",0.246963562753036
"deer","eagle",0.119047619047619
"deer","fox",0.130952380952381
"deer","mouse",0.213740458015267
"deer","owl",0.125
"deer","skunk",0.072463768115942
"deer","wolf",0.166666666666667
"dinosaur","dinosaur",1
"dinosaur","donkey",0.1
"dinosaur","pig",0.0404040404040404
"dinosaur","spider",0.075
"dive","dive",1
"dive","goldfish",0.2
"dive","grasshopper",0.1
"dive","ladybug",0.142857142857143
"dive","lamb",0.111111111111111
"dive","raccoon",0.0344827586206897
"dive","raven",0.2
"dive","rooster",0.0909090909090909
"dive","salamander",0.125
"dog","dog",1
"dog","duck",0.138211382113821
"dog","elephant",0.512
"dog","ferret",0.0905349794238683
"dog","fish",0.508130081300813
"dog","fox",0.123456790123457
"dog","giraffe",0.474103585657371
"dog","gorilla",0.135245901639344
"dog","hamster",0.193415637860082
"dog","horse",0.416326530612245
"dog","lion",0.644268774703557
"dog","lizard",0.253061224489796
"dog","monkey",0.404761904761905
"dog","mouse",0.381147540983607
"dog","pig",0.361788617886179
"dog","rat",0.270491803278689
"dog","rhino",0.122950819672131
"dog","snake",0.443548387096774
"dog","spider",0.127049180327869
"dog","wolf",0.126530612244898
"dolphin","dolphin",1
"dolphin","fish",0.219178082191781
"dolphin","otter",0.0967741935483871
"dolphin","seal",0.137931034482759
"dolphin","shark",0.313253012048193
"dolphin","whale",0.329113924050633
"donkey","donkey",1
"donkey","horse",0.145454545454545
"donkey","pig",0.117647058823529
"donkey","spider",0.102040816326531
"dragon","dragon",1
"dragon","gecko",0.125
"dragon","red",0.333333333333333
"dragon","tarantula",0.25
"duck","duck",1
"duck","goose",0.318181818181818
"duck","hog",0.0256410256410256
"duck","pig",0.172727272727273
"duck","swan",0.157894736842105
"eagle","eagle",1
"eagle","groundhog",0.0588235294117647
"eagle","hawk",0.15625
"eagle","mouse",0.128440366972477
"eagle","owl",0.125
"eagle","wolf",0.169811320754717
"eel","eel",1
"elephant","elephant",1
"elephant","giraffe",0.488636363636364
"elephant","hippo",0.134751773049645
"elephant","rhino",0.160839160839161
"elk","elk",1
"elk","goose",0.0625
"elk","moose",0.25
"elk","pig",0.0294117647058824
"emu","emu",1
"emu","gecko",0.25
"emu","robin",0.166666666666667
"falcon","falcon",1
"falcon","grasshopper",0.1
"falcon","ladybug",0.142857142857143
"falcon","possum",0.0625
"falcon","toucan",0.25
"ferret","ferret",1
"ferret","fish",0.12781954887218
"ferret","hamster",0.15
"fish","fish",1
"fish","hamster",0.198630136986301
"fish","horse",0.341040462427746
"fish","shark",0.280821917808219
"fish","turtle",0.171232876712329
"fish","whale",0.236486486486486
"flamingo","flamingo",1
"flamingo","ostrich",0.125
"flamingo","seal",0.0689655172413793
"flamingo","whale",0.0294117647058824
"fly","fly",1
"fly","liger",0.0909090909090909
"fly","peacock",0.1
"fly","ram",0.111111111111111
"fox","fox",1
"fox","skunk",0.114285714285714
"fox","wolf",0.235294117647059
"frog","frog",1
"frog","horse",0.240601503759398
"gazelle","gazelle",1
"gazelle","human",0.0833333333333333
"gazelle","mountain",0.142857142857143
"gazelle","roach",0.0909090909090909
"gazelle","toad",0.111111111111111
"gazelle","worm",0.1
"gecko","gecko",1
"gecko","red",0.1
"gecko","robin",0.125
"gecko","tarantula",0.142857142857143
"gerbil","gerbil",1
"gerbil","hippopotamus",0.166666666666667
"gerbil","kitten",0.142857142857143
"gerbil","shrimp",0.0714285714285714
"giraffe","giraffe",1
"giraffe","hippo",0.109489051094891
"giraffe","lizard",0.224358974358974
"giraffe","parrot",0.122302158273381
"giraffe","rabbit",0.204081632653061
"giraffe","rhino",0.17037037037037
"giraffe","snail",0.0763358778625954
"giraffe","snake",0.382857142857143
"goat","goat",1
"goat","pig",0.205128205128205
"goat","sheep",0.307692307692308
"goldfish","goldfish",1
"goldfish","grasshopper",0.1
"goldfish","guinea",0.0909090909090909
"goldfish","ladybug",0.142857142857143
"goldfish","lamb",0.111111111111111
"goldfish","pony",0.2
"goldfish","rooster",0.0909090909090909
"goldfish","starfish",0.111111111111111
"goldfish","wale",0.25
"goose","goose",1
"goose","hare",0.0833333333333333
"goose","moose",0.152173913043478
"goose","pig",0.0970873786407767
"goose","swan",0.12
"gorilla","gorilla",1
"gorilla","human",0.05
"gorilla","lion",0.137362637362637
"gorilla","monkey",0.178861788617886
"gorilla","seagull",0.0487804878048781
"grasshopper","grasshopper",1
"grasshopper","hornet",0.111111111111111
"grasshopper","iguana",0.0588235294117647
"grasshopper","ladybug",0.3
"grasshopper","possum",0.1
"grasshopper","raccoon",0.0606060606060606
"grasshopper","sea",0.0909090909090909
"grizzly","grizzly",1
"grizzly","human",0.111111111111111
"groundhog","groundhog",1
"groundhog","owl",0.032258064516129
"groundhog","wildebeest",0.125
"guinea","guinea",1
"guinea","starfish",0.0666666666666667
"guinea","wale",0.1
"hamster","hamster",1
"hare","hare",1
"hare","moose",0.0277777777777778
"hawk","hawk",1
"hawk","owl",0.0645161290322581
"hawk","vulture",0.111111111111111
"hawk","wolf",0.108108108108108
"hedgehog","hedgehog",1
"hedgehog","llama",0.0434782608695652
"hen","hen",1
"hen","leopard",0.0909090909090909
"hen","panther",0.0588235294117647
"hippo","hippo",1
"hippo","rhino",0.244444444444444
"hippopotamus","hippopotamus",1
"hippopotamus","kitten",0.25
"hippopotamus","seal",0.0588235294117647
"hippopotamus","shrimp",0.0909090909090909
"hog","hog",1
"hog","pig",0.021505376344086
"hog","swan",0.111111111111111
"hornet","hornet",1
"horse","horse",1
"horse","pig",0.390070921985816
"horse","spider",0.142857142857143
"human","human",1
"human","mountain",0.1
"human","os",0.0769230769230769
"human","seagull",0.214285714285714
"human","worm",0.0769230769230769
"iguana","iguana",1
"jaguar","jaguar",1
"jaguar","leopard",0.0967741935483871
"jaguar","panther",0.166666666666667
"jellyfish","jellyfish",1
"jellyfish","opossum",0.142857142857143
"jellyfish","oyster",0.333333333333333
"jellyfish","pelican",0.222222222222222
"jellyfish","ram",0.125
"jellyfish","shrimp",0.0666666666666667
"jellyfish","stingray",0.375
"jellyfish","unicorn",0.111111111111111
"jellyfish","walrus",0.0714285714285714
"kangaroo","kangaroo",1
"kangaroo","koala",0.209302325581395
"kangaroo","monkey",0.133333333333333
"kitten","kitten",1
"kitten","seal",0.117647058823529
"kitten","shrimp",0.0833333333333333
"koala","koala",1
"koala","monkey",0.15
"koala","panda",0.173076923076923
"koala","sloth",0.111111111111111
"ladybug","ladybug",1
"ladybug","raven",0.142857142857143
"ladybug","rooster",0.0769230769230769
"lamb","lamb",1
"lamb","pony",0.111111111111111
"lamb","rooster",0.0666666666666667
"lamb","starfish",0.0769230769230769
"lemur","lemur",1
"lemur","raccoon",0.114285714285714
"lemur","squirrel",0.0943396226415094
"leopard","leopard",1
"leopard","panther",0.0666666666666667
"leopard","tiger",0.0921985815602837
"liger","liger",1
"liger","peacock",0.125
"liger","ram",0.142857142857143
"lion","lion",1
"lion","monkey",0.385365853658537
"lion","panda",0.143646408839779
"lion","penguin",0.160220994475138
"lion","polar",0.0734463276836158
"lion","possum",0.0747126436781609
"lion","raccoon",0.11731843575419
"lion","squirrel",0.190217391304348
"lion","tiger",0.655913978494624
"lion","zebra",0.350785340314136
"lizard","lizard",1
"lizard","parrot",0.134146341463415
"lizard","snake",0.287769784172662
"llama","llama",1
"llama","octopus",0.125
"llama","squirrel",0.103448275862069
"lobster","lobster",1
"lobster","oyster",0.2
"lobster","ram",0.166666666666667
"monkey","monkey",1
"monkey","panda",0.169354838709677
"moose","moose",1
"moose","pig",0.148148148148148
"mountain","mountain",1
"mountain","red",0.142857142857143
"mountain","rhinoceros",0.2
"mouse","mouse",1
"mouse","rat",0.412280701754386
"mouse","snake",0.274390243902439
"mouse","wolf",0.133928571428571
"octopus","octopus",1
"octopus","quail",0.0476190476190476
"octopus","squid",0.142857142857143
"octopus","squirrel",0.12280701754386
"octopus","turkey",0.04
"opossum","opossum",1
"opossum","pelican",0.166666666666667
"os","os",1
"ostrich","ostrich",1
"ostrich","seal",0.12
"ostrich","whale",0.0307692307692308
"otter","otter",1
"otter","seal",0.133333333333333
"otter","shrimp",0.166666666666667
"otter","whale",0.106060606060606
"owl","owl",1
"owl","vulture",0.0384615384615385
"owl","wolf",0.115384615384615
"oyster","oyster",1
"oyster","pelican",0.166666666666667
"oyster","platypus",0.1
"oyster","ram",0.25
"oyster","seahorse",0.166666666666667
"oyster","shrimp",0.0909090909090909
"oyster","stingray",0.166666666666667
"panda","panda",1
"panda","polar",0.159090909090909
"panda","sloth",0.0681818181818182
"panther","panther",1
"parrot","parrot",1
"parrot","pigeon",0.0526315789473684
"parrot","snail",0.102564102564103
"parrot","snake",0.133858267716535
"peacock","peacock",1
"pelican","pelican",1
"pelican","seahorse",0.111111111111111
"pelican","stingray",0.111111111111111
"penguin","penguin",1
"penguin","tiger",0.154362416107383
"pig","pig",1
"pig","sheep",0.196261682242991
"pig","spider",0.148148148148148
"pig","swan",0.0421052631578947
"pigeon","pigeon",1
"pigeon","snail",0.136363636363636
"pigeon","snake",0.0769230769230769
"platypus","platypus",1
"platypus","shrimp",0.117647058823529
"polar","polar",1
"pony","pony",1
"possum","possum",1
"possum","raccoon",0.205882352941176
"possum","squirrel",0.0714285714285714
"quail","quail",1
"quail","squid",0.25
"quail","squirrel",0.0204081632653061
"quail","turkey",0.2
"rabbit","rabbit",1
"rabbit","snake",0.204379562043796
"raccoon","raccoon",1
"raccoon","salamander",0.0645161290322581
"raccoon","squirrel",0.140625
"ram","ram",1
"rat","rat",1
"rat","snake",0.272727272727273
"raven","raven",1
"raven","salamander",0.125
"red","red",1
"red","rhinoceros",0.142857142857143
"red","tarantula",0.166666666666667
"rhino","rhino",1
"rhinoceros","rhinoceros",1
"roach","roach",1
"roach","toad",0.0909090909090909
"robin","robin",1
"rooster","rooster",1
"rooster","starfish",0.0666666666666667
"salamander","salamander",1
"sea","sea",1
"seagull","seagull",1
"seahorse","seahorse",1
"seahorse","stingray",0.111111111111111
"seal","seal",1
"seal","shark",0.0714285714285714
"seal","shrimp",0.0833333333333333
"seal","whale",0.0757575757575758
"shark","shark",1
"shark","turtle",0.172413793103448
"shark","whale",0.295454545454545
"sheep","sheep",1
"shrimp","shrimp",1
"shrimp","whale",0.0655737704918033
"skunk","skunk",1
"skunk","wolf",0.105263157894737
"sloth","sloth",1
"snail","snail",1
"snail","snake",0.102564102564103
"snake","snake",1
"spider","spider",1
"squid","squid",1
"squid","squirrel",0.0612244897959184
"squid","turkey",0.166666666666667
"squirrel","squirrel",1
"starfish","starfish",1
"starfish","wale",0.125
"stingray","stingray",1
"stingray","unicorn",0.125
"stingray","walrus",0.0769230769230769
"swan","swan",1
"tarantula","tarantula",1
"tiger","tiger",1
"tiger","zebra",0.301775147928994
"toad","toad",1
"toucan","toucan",1
"turkey","turkey",1
"turtle","turtle",1
"unicorn","unicorn",1
"unicorn","walrus",0.0833333333333333
"vulture","vulture",1
"wale","wale",1
"walrus","walrus",1
"whale","whale",1
"wildebeest","wildebeest",1
"wolf","wolf",1
"worm","worm",1
"zebra","zebra",1
